variant_and_allele,af
rs113507694-<b>G</b>,0.03875066172578084
rs11784341-<b>T</b>,0.01156852527357999
rs57726666-<b>A</b>,0.9330862890418212
chr2:159476445-<b>?</b>,-1.0
rs76695126-<b>T</b>,-1.0
rs184224980-<b>C</b>,0.3302984319676277
rs11110253-<b>A</b>,0.8361037586024351
rs6922614-<b>T</b>,0.8770063943625213
rs7074356-<b>A</b>,0.15382995203217786
rs8104156-<b>T</b>,0.37586024351508734
chr7:76213662-<b>?</b>,-1.0
rs6975373-<b>T</b>,0.09629433562731604
rs13136239-<b>G</b>,0.7163049232398094
rs7859734-<b>C</b>,0.5559555320275278
rs2145737-<b>T</b>,0.5953943885653785
rs34416917-<b>G</b>,0.8936159449615542
rs283386-<b>G</b>,0.13509793541556378
rs62127626-<b>A</b>,0.0046585494970884074
rs187785463-<b>G</b>,0.9038131436978912
rs115689122-<b>A</b>,0.004393859184753838
chr7:27669577-<b>?</b>,-1.0
rs675828-<b>G</b>,0.4947004978320218
rs1985762-<b>T</b>,0.10567556120288013
rs9520569-<b>T</b>,0.7502154870006214
rs187058036-<b>C</b>,-1.0
chr3:77677315-<b>?</b>,-1.0
rs150592717-<b>T</b>,-1.0
rs114497090-<b>A</b>,0.013496612819176657
